#CHROM,POS,REF,ALT,geneSymbol,combinedScore,InheritanceModes,Diseases,exomiserRank
MT,14560,G,A,MT-ND6,0.0037051903417828157,MT,ORPHA:104 Leber hereditary optic neuropathy-mitochondrial;ORPHA:255210 Mitochondrial DNA-associated Leigh syndrome-mitochondrial;ORPHA:550 MELAS-mitochondrial,8
MT,8433,T,C,MT-ATP8,0.007111705537909291,MT,ORPHA:480 Kearns-Sayre syndrome-autosomal_recessive,7
MT,12172,A,G,MT-ND5,0.1328755197387916,MT,ORPHA:104 Leber hereditary optic neuropathy-mitochondrial;ORPHA:255210 Mitochondrial DNA-associated Leigh syndrome-mitochondrial;ORPHA:550 MELAS-mitochondrial;ORPHA:551 MERRF-mitochondrial,1
MT,12406,G,A,MT-ND5,0.1328755197387916,MT,ORPHA:104 Leber hereditary optic neuropathy-mitochondrial;ORPHA:255210 Mitochondrial DNA-associated Leigh syndrome-mitochondrial;ORPHA:550 MELAS-mitochondrial;ORPHA:551 MERRF-mitochondrial,1
MT,12882,C,T,MT-ND5,0.1328755197387916,MT,ORPHA:104 Leber hereditary optic neuropathy-mitochondrial;ORPHA:255210 Mitochondrial DNA-associated Leigh syndrome-mitochondrial;ORPHA:550 MELAS-mitochondrial;ORPHA:551 MERRF-mitochondrial,1
MT,13759,G,A,MT-ND5,0.1328755197387916,MT,ORPHA:104 Leber hereditary optic neuropathy-mitochondrial;ORPHA:255210 Mitochondrial DNA-associated Leigh syndrome-mitochondrial;ORPHA:550 MELAS-mitochondrial;ORPHA:551 MERRF-mitochondrial,1
MT,13928,G,C,MT-ND5,0.1328755197387916,MT,ORPHA:104 Leber hereditary optic neuropathy-mitochondrial;ORPHA:255210 Mitochondrial DNA-associated Leigh syndrome-mitochondrial;ORPHA:550 MELAS-mitochondrial;ORPHA:551 MERRF-mitochondrial,1
MT,8149,A,G,MT-CO2,0.001550424325802092,MT,ORPHA:550 MELAS-mitochondrial,10
MT,9548,G,A,MT-CO3,0.001550424325802092,MT,ORPHA:104 Leber hereditary optic neuropathy-mitochondrial;ORPHA:550 MELAS-mitochondrial,11
MT,6392,T,C,MT-CO1,0.001550424325802092,MT,ORPHA:104 Leber hereditary optic neuropathy-mitochondrial;ORPHA:550 MELAS-mitochondrial,9
MT,6962,G,A,MT-CO1,0.001550424325802092,MT,ORPHA:104 Leber hereditary optic neuropathy-mitochondrial;ORPHA:550 MELAS-mitochondrial,9
MT,7028,C,T,MT-CO1,0.001550424325802092,MT,ORPHA:104 Leber hereditary optic neuropathy-mitochondrial;ORPHA:550 MELAS-mitochondrial,9
MT,14766,C,T,MT-CYB,0.10902544627050614,MT,ORPHA:104 Leber hereditary optic neuropathy-mitochondrial;ORPHA:137675 Histiocytoid cardiomyopathy-autosomal_recessive,3
MT,15326,A,G,MT-CYB,0.10902544627050614,MT,ORPHA:104 Leber hereditary optic neuropathy-mitochondrial;ORPHA:137675 Histiocytoid cardiomyopathy-autosomal_recessive,3
MT,15541,T,C,MT-CYB,0.10902544627050614,MT,ORPHA:104 Leber hereditary optic neuropathy-mitochondrial;ORPHA:137675 Histiocytoid cardiomyopathy-autosomal_recessive,3
MT,16129,G,A,MT-CYB,0.10902544627050614,MT,ORPHA:104 Leber hereditary optic neuropathy-mitochondrial;ORPHA:137675 Histiocytoid cardiomyopathy-autosomal_recessive,3
MT,16162,A,G,MT-CYB,0.10902544627050614,MT,ORPHA:104 Leber hereditary optic neuropathy-mitochondrial;ORPHA:137675 Histiocytoid cardiomyopathy-autosomal_recessive,3
MT,16172,T,C,MT-CYB,0.10902544627050614,MT,ORPHA:104 Leber hereditary optic neuropathy-mitochondrial;ORPHA:137675 Histiocytoid cardiomyopathy-autosomal_recessive,3
MT,16304,T,C,MT-CYB,0.10902544627050614,MT,ORPHA:104 Leber hereditary optic neuropathy-mitochondrial;ORPHA:137675 Histiocytoid cardiomyopathy-autosomal_recessive,3
MT,16519,T,C,MT-CYB,0.10902544627050614,MT,ORPHA:104 Leber hereditary optic neuropathy-mitochondrial;ORPHA:137675 Histiocytoid cardiomyopathy-autosomal_recessive,3
MT,8860,A,G,MT-ATP6,0.10902544627050614,MT,ORPHA:104 Leber hereditary optic neuropathy-mitochondrial;ORPHA:225154 Familial infantile bilateral striatal necrosis-autosomal_dominant_and_recessive;ORPHA:255210 Mitochondrial DNA-associated Leigh syndrome-mitochondrial;ORPHA:644 NARP syndrome-mitochondrial,2
MT,9041,A,G,MT-ATP6,0.10902544627050614,MT,ORPHA:104 Leber hereditary optic neuropathy-mitochondrial;ORPHA:225154 Familial infantile bilateral striatal necrosis-autosomal_dominant_and_recessive;ORPHA:255210 Mitochondrial DNA-associated Leigh syndrome-mitochondrial;ORPHA:644 NARP syndrome-mitochondrial,2
MT,9053,G,A,MT-ATP6,0.10902544627050614,MT,ORPHA:104 Leber hereditary optic neuropathy-mitochondrial;ORPHA:225154 Familial infantile bilateral striatal necrosis-autosomal_dominant_and_recessive;ORPHA:255210 Mitochondrial DNA-associated Leigh syndrome-mitochondrial;ORPHA:644 NARP syndrome-mitochondrial,2
MT,73,A,G,MT-ND1,0.001550424325802092,MT,ORPHA:104 Leber hereditary optic neuropathy-mitochondrial;ORPHA:255210 Mitochondrial DNA-associated Leigh syndrome-mitochondrial;ORPHA:2609 Isolated complex I deficiency-autosomal_recessive;ORPHA:550 MELAS-mitochondrial,12
MT,247,GA,G,MT-ND1,0.001550424325802092,MT,ORPHA:104 Leber hereditary optic neuropathy-mitochondrial;ORPHA:255210 Mitochondrial DNA-associated Leigh syndrome-mitochondrial;ORPHA:2609 Isolated complex I deficiency-autosomal_recessive;ORPHA:550 MELAS-mitochondrial,12
MT,263,A,G,MT-ND1,0.001550424325802092,MT,ORPHA:104 Leber hereditary optic neuropathy-mitochondrial;ORPHA:255210 Mitochondrial DNA-associated Leigh syndrome-mitochondrial;ORPHA:2609 Isolated complex I deficiency-autosomal_recessive;ORPHA:550 MELAS-mitochondrial,12
MT,310,T,TC,MT-ND1,0.001550424325802092,MT,ORPHA:104 Leber hereditary optic neuropathy-mitochondrial;ORPHA:255210 Mitochondrial DNA-associated Leigh syndrome-mitochondrial;ORPHA:2609 Isolated complex I deficiency-autosomal_recessive;ORPHA:550 MELAS-mitochondrial,12
MT,513,GCA,G,MT-ND1,0.001550424325802092,MT,ORPHA:104 Leber hereditary optic neuropathy-mitochondrial;ORPHA:255210 Mitochondrial DNA-associated Leigh syndrome-mitochondrial;ORPHA:2609 Isolated complex I deficiency-autosomal_recessive;ORPHA:550 MELAS-mitochondrial,12
MT,750,A,G,MT-ND1,0.001550424325802092,MT,ORPHA:104 Leber hereditary optic neuropathy-mitochondrial;ORPHA:255210 Mitochondrial DNA-associated Leigh syndrome-mitochondrial;ORPHA:2609 Isolated complex I deficiency-autosomal_recessive;ORPHA:550 MELAS-mitochondrial,12
MT,1438,A,G,MT-ND1,0.001550424325802092,MT,ORPHA:104 Leber hereditary optic neuropathy-mitochondrial;ORPHA:255210 Mitochondrial DNA-associated Leigh syndrome-mitochondrial;ORPHA:2609 Isolated complex I deficiency-autosomal_recessive;ORPHA:550 MELAS-mitochondrial,12
MT,2706,A,G,MT-ND1,0.001550424325802092,MT,ORPHA:104 Leber hereditary optic neuropathy-mitochondrial;ORPHA:255210 Mitochondrial DNA-associated Leigh syndrome-mitochondrial;ORPHA:2609 Isolated complex I deficiency-autosomal_recessive;ORPHA:550 MELAS-mitochondrial,12
MT,3970,C,T,MT-ND1,0.001550424325802092,MT,ORPHA:104 Leber hereditary optic neuropathy-mitochondrial;ORPHA:255210 Mitochondrial DNA-associated Leigh syndrome-mitochondrial;ORPHA:2609 Isolated complex I deficiency-autosomal_recessive;ORPHA:550 MELAS-mitochondrial,12
MT,4086,C,T,MT-ND1,0.001550424325802092,MT,ORPHA:104 Leber hereditary optic neuropathy-mitochondrial;ORPHA:255210 Mitochondrial DNA-associated Leigh syndrome-mitochondrial;ORPHA:2609 Isolated complex I deficiency-autosomal_recessive;ORPHA:550 MELAS-mitochondrial,12
MT,10609,T,C,MT-ND4L,0.10902544627050614,MT,ORPHA:104 Leber hereditary optic neuropathy-mitochondrial,5
MT,11002,A,G,MT-ND4,0.001550424325802092,MT,ORPHA:104 Leber hereditary optic neuropathy-mitochondrial;ORPHA:255210 Mitochondrial DNA-associated Leigh syndrome-mitochondrial;ORPHA:550 MELAS-mitochondrial,13
MT,11719,G,A,MT-ND4,0.001550424325802092,MT,ORPHA:104 Leber hereditary optic neuropathy-mitochondrial;ORPHA:255210 Mitochondrial DNA-associated Leigh syndrome-mitochondrial;ORPHA:550 MELAS-mitochondrial,13
MT,10192,C,T,MT-ND3,0.07278430830092708,MT,ORPHA:255210 Mitochondrial DNA-associated Leigh syndrome-mitochondrial;ORPHA:2609 Isolated complex I deficiency-autosomal_recessive,6
MT,10310,G,A,MT-ND3,0.07278430830092708,MT,ORPHA:255210 Mitochondrial DNA-associated Leigh syndrome-mitochondrial;ORPHA:2609 Isolated complex I deficiency-autosomal_recessive,6
MT,4769,A,G,MT-ND2,0.10902544627050614,MT,ORPHA:104 Leber hereditary optic neuropathy-mitochondrial;ORPHA:255210 Mitochondrial DNA-associated Leigh syndrome-mitochondrial;ORPHA:2609 Isolated complex I deficiency-autosomal_recessive,4
MT,5360,C,T,MT-ND2,0.10902544627050614,MT,ORPHA:104 Leber hereditary optic neuropathy-mitochondrial;ORPHA:255210 Mitochondrial DNA-associated Leigh syndrome-mitochondrial;ORPHA:2609 Isolated complex I deficiency-autosomal_recessive,4
